{"schemaVersion":"1.0","appDefinitionTemplate":{"id":"/providers/Microsoft.PowerApps/apps/","type":"Microsoft.PowerApps/apps","tags":{"primaryDeviceWidth":"1911","primaryDeviceHeight":"821","supportsPortrait":"true","supportsLandscape":"true","primaryFormFactor":"Tablet","showStatusBar":"false","publisherVersion":"3.25111.6","minimumRequiredApiVersion":"2.2.0","hasComponent":"false","hasUnlockedComponent":"false","isUnifiedRootApp":"false","sienaVersion":"20251127T093539Z-3.25111.6.0"},"properties":{"appVersion":"2025-11-27T09:35:39Z","lifeCycleId":"Published","createdByClientVersion":{"major":3,"minor":25111,"build":6,"revision":0,"majorRevision":0,"minorRevision":0},"minClientVersion":{"major":3,"minor":25111,"build":6,"revision":0,"majorRevision":0,"minorRevision":0},"backgroundColor":"RGBA(0,176,240,1)","backgroundImageUri":"/9800991782486466125/N02f738be-b31d-4969-976f-a41dff2e0dc1-logoSmallFile","displayName":"Advent Calendar","description":"","commitMessage":"","appUris":{"documentUri":{"value":"/9800991782486466125/Naf040287-b6d4-4994-a95b-cffdb45407ed-document.msapp"},"imageUris":[],"additionalUris":[{"isSolutionAware":false,"value":"/9800991782486466125/Nf8539651-056c-4013-b36f-b68ad3efb953-identity.json"}]},"createdTime":"0001-01-01T00:00:00Z","lastModifiedTime":"0001-01-01T00:00:00Z","sharedGroupsCount":0,"sharedUsersCount":0,"connectionReferences":{"79638cf2-591e-40d4-bb67-79ff251fbcb6":{"id":"a3bc9852-2644-45e5-b9d1-12a0f6e6afc4","displayName":"SharePoint","iconUri":"https://conn-afd-prod-endpoint-bmc9bqahasf3grgk.b01.azurefd.net/v1.0.1769/1.0.1769.4352/sharepointonline/icon.png","dataSources":["AdventCalendar"],"dependencies":[],"dependents":[],"parameterHints":{},"parameterHintsV2":{},"isOnPremiseConnection":false,"bypassConsent":false,"dataSets":{"https://fodm365dev.sharepoint.com/sites/AdventCalendar":{"dataSources":{"AdventCalendar":{"tableName":"990a26aa-9cad-4568-8fd2-96fd34fdb18d"}}}},"apiTier":"Standard","isCustomApiConnection":false,"actions":["providers/PowerPlatform.Governance/Operations/Read","providers/PowerPlatform.Governance/Operations/Write"]},"e76d7264-90b1-4e14-ba08-81fc2b8a614d":{"id":"9707b673-27f9-42b2-86b0-529d2eebedf2","displayName":"Office 365 Outlook","iconUri":"https://conn-afd-prod-endpoint-bmc9bqahasf3grgk.b01.azurefd.net/releases/v1.0.1782/1.0.1782.4452/office365/icon.png","dataSources":["Office365Outlook"],"dependencies":[],"dependents":[],"parameterHints":{},"parameterHintsV2":{},"isOnPremiseConnection":false,"bypassConsent":false,"dataSets":{},"apiTier":"Standard","isCustomApiConnection":false,"actions":["SendEmailV2"]}},"databaseReferences":{},"almMode":"Environment","performanceOptimizationEnabled":true,"canConsumeAppPass":true,"enableModernRuntimeMode":false,"executionRestrictions":{"isTeamsOnly":false,"dataLossPreventionEvaluationResult":{"status":"Compliant","lastEvaluationDate":"2025-11-07T12:33:08.7750859Z","violations":[],"violationsByPolicy":[],"violationErrorMessage":"The app uses the following connectors: ."}}},"isAppComponentLibrary":false,"appType":"ClassicCanvasApp","appComponents":[]}}